CATSAPSGGGDEQFF	TRBV24-1	TRBJ2-1
CAISELAGDGTDTQYF	TRBV10-3	TRBJ2-3
CASTQGAPTTYNEQFF	TRBV6-1	TRBJ2-1
CASRIPCRDRGPYEQYF	TRBV7-9	TRBJ2-7
CAINQLRLSLTQYF	TRBV10-3	TRBJ2-5
CASSFLERVTDTPYNEQFF	TRBV7-9	TRBJ2-1
CRPGGSVNTEAFF	TRBV20-1	TRBJ1-1
CASSWGAYSYEQYF	TRBV27	TRBJ2-7
CASPPGVGKYNEQFF	TRBV28	TRBJ2-1
CASSGSRGVQETQYF	TRBV13	TRBJ2-5
CASTLSGTKGRVNTEAFF	TRBV10-1	TRBJ1-1
CASSPLPYNEKLFF	TRBV6-5	TRBJ1-4
CASSAFRRETGGYEQYF	TRBV9	TRBJ2-7
CASALSVDRVRMDGNQPQHF	TRBV3-1	TRBJ1-5
CATSETSRSPTGELFF	TRBV24-1	TRBJ2-2
CSQKGGSEAFF	TRBV20-1	TRBJ1-1
CASSGDEQYF	TRBV28	TRBJ2-7
CASSVAETQYF	TRBV6-1	TRBJ2-5
CASRPKTSGLSNQPQHF	TRBV3-1	TRBJ1-5
CASSAPAASRENQPQHF	TRBV6-4	TRBJ1-5
CASSLWHPPTADTQYF	TRBV28	TRBJ2-3
CASSVACPVHENTGELFF	TRBV9	TRBJ2-2
CASSVPIDEQYF	TRBV9	TRBJ2-7
CASSPTQPGQLPSYEQYF	TRBV18	TRBJ2-7
CASSWTNQPQHF	TRBV7-2	TRBJ1-5
CASSALGRCRTEAFF	TRBV6-1	TRBJ1-1
CSARGGYGYTF	TRBV20-1	TRBJ1-2
CASSQNRRDRPPNQPQHF	TRBV4-1	TRBJ1-5
CARWRQAKTGELFF	TRBV6-4	TRBJ2-2
CASSSGTSGGESGTEQFF	TRBV28	TRBJ2-1
CASSPTNEQYF	TRBV14	TRBJ2-7
CASTDRGETQYF	TRBV6-1	TRBJ2-5
CASSKGDQPQHF	TRBV9	TRBJ1-5
CASSSQQGEKLFF	TRBV9	TRBJ1-4
CASSDEGRNEQFF	TRBV6-1	TRBJ2-1
CASGGPKNIQYF	TRBV4-2	TRBJ2-4
CASSYGPKRRGTLSSYNEQFF	TRBV6-5	TRBJ2-1
CASTPWGPSNEQFF	TRBV9	TRBJ2-1
CASSPQNSGSAGITDTQYF	TRBV5-1	TRBJ2-3
CASSRGATYEQYF	TRBV3-1	TRBJ2-7
CASGRGNYTEAFF	TRBV9	TRBJ1-1
CASSSDFSPGLPSVREQYF	TRBV27	TRBJ2-7
CASSRGLAGNTDTQYF	TRBV3-1	TRBJ2-3
CASSAGTGSPLHF	TRBV10-1	TRBJ1-6
CASSRGALYSYNEQFF	TRBV18	TRBJ2-1
CATSDLLKGGQGKPCSYEQYF	TRBV24-1	TRBJ2-7
CASSATLDRNETQYF	TRBV5-1	TRBJ2-5
CASSYSSRGVAFF	TRBV6-2	TRBJ1-1
CASSSGTGEQYF	TRBV6-4	TRBJ2-7
CASSYPRDIGSAFF	TRBV7-9	TRBJ1-1
CASSYSLGEDRARGYTF	TRBV6-2	TRBJ1-2
CASSLRYSGANVLTF	TRBV7-3	TRBJ2-6
CAGLGAYEQYF	TRBV6-1	TRBJ2-7
CASSLNPPGMRDGELFF	TRBV28	TRBJ2-2
CASSNKLAGGYNEQFF	TRBV7-3	TRBJ2-1
CASSYKREYRGQPQHF	TRBV6-5	TRBJ1-5
CSAREPGEKDIQYF	TRBV20-1	TRBJ2-4
CARGRGTDTQYF	TRBV11-3	TRBJ2-3
CASSLNTATRGTATYEQYF	TRBV27	TRBJ2-7
CASSPGGQETQYF	TRBV10-1	TRBJ2-5
CASSFPSRGGQYGNTIYF	TRBV11-3	TRBJ1-3
CATSDLGQSAIYEQYF	TRBV24-1	TRBJ2-7
CASSLSDLDGYTF	TRBV7-2	TRBJ1-2
CATNRGLQEEKLFF	TRBV24-1	TRBJ1-4
CASSFRSRRGLCNSPLHF	TRBV5-1	TRBJ1-6
CASSELRGIRRQPQHF	TRBV10-1	TRBJ1-5
CAIGQGSGNTIYF	TRBV19	TRBJ1-3
CASSFEGHEQFF	TRBV7-4	TRBJ2-1
CASTRGRETQYF	TRBV5-1	TRBJ2-5
CASSRVSTRTSMNTEAFF	TRBV7-9	TRBJ1-1
CASKVSNKRWCEQYF	TRBV9	TRBJ2-7
CAIHQFGNTIYF	TRBV9	TRBJ1-3
CSARVEARSYEQYF	TRBV20-1	TRBJ2-7
CASSEGGARSNEQFF	TRBV10-2	TRBJ2-1
CASSGCGRDGNTIYF	TRBV6-1	TRBJ1-3
CASSLGLGQASNEKLFF	TRBV7-3	TRBJ1-4
CASRREPVTGELFF	TRBV6-2	TRBJ2-2
CASSTGGGSGANVLTF	TRBV5-4	TRBJ2-6
CATWATGPRTAFF	TRBV19	TRBJ1-1
CAKGGMNTEAFF	TRBV10-3	TRBJ1-1
CASSGTGLYEQYF	TRBV9	TRBJ2-7
CASRSERFF	TRBV6-5	TRBJ2-1
CASSLAKRTGGVGELFF	TRBV5-1	TRBJ2-2
CATRAYLNEKLFF	TRBV6-5	TRBJ1-4
CASSYLSAGRRETQYF	TRBV6-3	TRBJ2-5
CASSQESYTRRSGLNTEAFF	TRBV14	TRBJ1-1
CATKREIEAFF	TRBV6-6	TRBJ1-1
CASSQERTLGLGSYNSPLHF	TRBV4-1	TRBJ1-6
CASTTGRSGGSTDTQYF	TRBV6-2	TRBJ2-3
CASSTRAYEQYF	TRBV27	TRBJ2-7
CASRAPQGARYSNQPQHF	TRBV6-5	TRBJ1-5
CASSVKINQPRDRELEQYF	TRBV6-6	TRBJ2-7
CASSKVPGQGGSNQPQHF	TRBV6-5	TRBJ1-5
CASSRMPSMNTEAFF	TRBV13	TRBJ1-1
CASSKFLRPGSGTSPLHF	TRBV7-9	TRBJ1-6
CAKRDRGRCNSPLHF	TRBV5-1	TRBJ1-6
CAWGGDQAEAFF	TRBV30	TRBJ1-1
CATSRPPTVGSQETQYF	TRBV15	TRBJ2-5
CASTTDQETQYF	TRBV10-1	TRBJ2-5
CASSLITPGHMNEKLFF	TRBV7-8	TRBJ1-4
